date,campaign,ad_set,platform,spend,impressions,reach,clicks,conversions,leads,ctr,cpc,cpm,conversion_rate,cost_per_conversion,cost_per_lead
2026-06-06,Conversion Campaign - Tamil Nadu,Lookalike 1%,Instagram,1300.66,96558,78829,4267,425,295,4.419105615277864,0.3048183735645653,13.47024586259036,9.9601593625498,3.0603764705882357,4.409016949152543
2026-06-27,Retargeting - Website Visitors,Interest - Technology,Facebook,1679.16,166193,117198,6506,303,255,3.9147256502981476,0.25809406701506304,10.103674643336362,4.657239471257301,5.541782178217822,6.584941176470589
2026-07-24,Lead Generation - Chennai,Retargeting,Instagram,1400.84,120407,103862,5301,524,376,4.402567957012466,0.26425957366534614,11.634207313528282,9.884927372193927,2.673358778625954,3.72563829787234
2026-07-20,Product Awareness - Tamil Nadu,Interest - Technology,Facebook,404.58,40756,36216,1490,83,64,3.6559034252625384,0.2715302013422819,9.92688193149475,5.570469798657718,4.874457831325301,6.3215625
2026-06-05,Website Traffic - South India,Lookalike 1%,Facebook,934.91,74989,52717,2557,266,238,3.409833442238195,0.3656276886976926,12.467295203296484,10.40281579976535,3.5146992481203005,3.9281932773109243
2026-06-12,Lead Generation - Chennai,Interest - Business,Instagram,1477.86,129218,101936,2780,106,76,2.151403055301893,0.5316043165467625,11.436951508303796,3.8129496402877696,13.942075471698113,19.445526315789472
2026-07-19,Lead Generation - Chennai,Lookalike 1%,Instagram,1313.52,138094,103440,3748,143,98,2.7140932987675064,0.3504589114194237,9.511781829768129,3.8153681963713977,9.185454545454546,13.40326530612245
2026-07-18,Website Traffic - South India,Lookalike 1%,Instagram,1082.64,113054,84084,3724,290,219,3.294001096820988,0.2907196562835661,9.576308666654874,7.7873254564983885,3.7332413793103454,4.943561643835617
2026-07-07,Lead Generation - Chennai,Interest - Business,Facebook,824.07,89331,50954,1761,91,68,1.971320146421735,0.4679557069846678,9.224905128119019,5.167518455423055,9.055714285714286,12.118676470588236
2026-06-27,Website Traffic - South India,Lookalike 1%,Instagram,1443.43,144190,120385,3663,149,98,2.540398085858936,0.39405678405678407,10.010610999375825,4.067704067704068,9.687449664429531,14.728877551020409
2026-06-07,Lead Generation - Chennai,Lookalike 1%,Instagram,416.1,38508,30564,655,44,34,1.7009452581281812,0.6352671755725191,10.80554689934559,6.7175572519083975,9.456818181818182,12.238235294117647
2026-07-14,Product Awareness - Tamil Nadu,Interest - Business,Instagram,746.99,55235,48974,877,97,86,1.587761383180954,0.8517559863169898,13.523852629673215,11.060433295324971,7.700927835051546,8.685930232558139
2026-06-28,Product Awareness - Tamil Nadu,Lookalike 1%,Instagram,1332.87,120253,70196,2523,279,225,2.098076555262655,0.5282877526753864,11.08388148320624,11.058263971462544,4.777311827956989,5.923866666666666
2026-07-29,Conversion Campaign - Tamil Nadu,Interest - Business,Facebook,1105.71,86195,70290,3470,323,258,4.025755554266489,0.31864841498559077,12.828006264864552,9.30835734870317,3.423250773993808,4.285697674418604
2026-06-19,Conversion Campaign - Tamil Nadu,Broad Audience,Instagram,289.33,25666,18553,343,19,13,1.3363983480090391,0.8435276967930029,11.272890204940389,5.539358600583091,15.227894736842105,22.256153846153843
2026-07-06,Conversion Campaign - Tamil Nadu,Broad Audience,Instagram,431.48,48166,32338,1501,121,79,3.116306108043018,0.2874616922051966,8.95818627247436,8.061292471685542,3.5659504132231405,5.461772151898734
2026-06-10,Retargeting - Website Visitors,Interest - Technology,Instagram,286.5,26329,23123,742,58,47,2.818185270993961,0.3861185983827493,10.881537468190968,7.816711590296496,4.939655172413793,6.095744680851064
2026-06-29,Retargeting - Website Visitors,Interest - Business,Facebook,1009.11,90568,76004,1151,126,88,1.2708682978535466,0.876724587315378,11.142014839678472,10.947002606429193,8.008809523809523,11.46715909090909
2026-06-19,Website Traffic - South India,Interest - Business,Instagram,614.04,61203,50126,2202,77,74,3.5978628498603014,0.2788555858310627,10.032841527376108,3.496821071752952,7.974545454545454,8.297837837837838
2026-06-07,Retargeting - Website Visitors,Interest - Business,Facebook,1065.51,92370,76933,3637,200,196,3.937425571072859,0.29296398130327195,11.53523871386814,5.499037668408029,5.32755,5.436275510204082
2026-07-09,Product Awareness - Tamil Nadu,Lookalike 1%,Facebook,1694.47,131164,92114,1768,210,202,1.3479308346802477,0.9584106334841629,12.918712451587325,11.877828054298641,8.068904761904761,8.388465346534653
2026-07-01,Lead Generation - Chennai,Lookalike 1%,Instagram,1624.19,151615,124355,3400,298,232,2.2425221778847737,0.4777029411764706,10.71259440029021,8.764705882352942,5.450302013422819,7.000818965517242
2026-07-24,Lead Generation - Chennai,Lookalike 1%,Facebook,1695.74,137089,115276,2200,87,62,1.6047968837762332,0.7707909090909091,12.369628489521407,3.954545454545454,19.491264367816093,27.350645161290323
2026-07-15,Product Awareness - Tamil Nadu,Interest - Technology,Instagram,474.12,39809,35435,1498,108,75,3.7629681730262003,0.316502002670227,11.909869627471176,7.209612817089453,4.39,6.3216
2026-07-27,Lead Generation - Chennai,Broad Audience,Facebook,1268.14,95722,75906,2748,220,158,2.8708133971291865,0.46147743813682685,13.248156118760578,8.005822416302767,5.764272727272727,8.02620253164557
2026-06-14,Retargeting - Website Visitors,Retargeting,Instagram,1369.32,103928,90900,1671,104,78,1.607843891925179,0.8194614003590663,13.175660072357784,6.2238180730101735,13.166538461538462,17.555384615384614
2026-06-08,Website Traffic - South India,Interest - Technology,Instagram,622.64,69496,51727,890,75,51,1.2806492459997698,0.6995955056179776,8.959364567744906,8.426966292134832,8.301866666666667,12.208627450980392
2026-07-10,Conversion Campaign - Tamil Nadu,Broad Audience,Facebook,1744.28,168884,140431,7226,501,463,4.2786764880036,0.2413894270689178,10.328272660524384,6.933296429559922,3.4815968063872256,3.767343412526998
2026-07-21,Lead Generation - Chennai,Lookalike 1%,Instagram,1464.75,117866,89826,3478,373,321,2.950808545297202,0.4211472110408281,12.427247891673595,10.724554341575617,3.9269436997319036,4.563084112149533
2026-06-07,Product Awareness - Tamil Nadu,Interest - Technology,Facebook,852.71,84705,60044,3441,167,122,4.062333982645653,0.24780877651845395,10.066820140487575,4.8532403371113055,5.106047904191617,6.989426229508197
2026-07-30,Conversion Campaign - Tamil Nadu,Retargeting,Facebook,259.82,25137,21080,422,22,15,1.6788001750407764,0.6156872037914691,10.336157854954847,5.213270142180095,11.81,17.32133333333333
2026-07-19,Retargeting - Website Visitors,Retargeting,Facebook,619.79,47669,26570,753,22,15,1.579642954540687,0.8230942895086321,13.001950953449832,2.921646746347941,28.172272727272727,41.31933333333333
2026-07-20,Lead Generation - Chennai,Interest - Technology,Instagram,799.49,67404,57714,1931,204,135,2.8648151445018097,0.4140290005178664,11.861165509465314,10.564474365613671,3.9190686274509803,5.922148148148148
2026-07-06,Website Traffic - South India,Broad Audience,Facebook,561.49,53737,30481,1383,83,69,2.573645718964587,0.4059942154736081,10.448852745780375,6.001446131597976,6.764939759036145,8.137536231884058
2026-07-24,Lead Generation - Chennai,Broad Audience,Facebook,1675.99,124794,108062,4971,586,545,3.9833645848358095,0.3371534902434118,13.430052726893921,11.788372560852947,2.860051194539249,3.075211009174312
2026-07-21,Website Traffic - South India,Lookalike 1%,Instagram,1435.34,109164,79687,3241,345,280,2.968927485251548,0.4428694847269361,13.148473855849913,10.64486269669855,4.160405797101449,5.126214285714285
2026-07-18,Product Awareness - Tamil Nadu,Lookalike 1%,Facebook,380.62,34828,21990,897,53,41,2.575513954289652,0.42432552954292085,10.928563224991388,5.908584169453734,7.1815094339622645,9.283414634146341
2026-07-09,Conversion Campaign - Tamil Nadu,Interest - Business,Facebook,1281.48,106823,93013,4626,326,249,4.330528069797703,0.27701686121919583,11.996292933169823,7.047124945957631,3.9309202453987733,5.146506024096386
2026-06-28,Website Traffic - South India,Retargeting,Instagram,1477.25,138820,90351,4565,432,311,3.2884310618066563,0.32360350492880613,10.641478173173894,9.46330777656079,3.419560185185185,4.75
2026-07-21,Website Traffic - South India,Lookalike 1%,Instagram,367.97,35931,28888,543,17,16,1.5112298572263505,0.6776611418047883,10.241017505774959,3.1307550644567224,21.64529411764706,22.998125
2026-07-14,Lead Generation - Chennai,Retargeting,Instagram,1129.58,118852,104721,4544,222,190,3.8232423518325316,0.24858714788732392,9.504089119240735,4.88556338028169,5.088198198198198,5.945157894736842
2026-07-28,Lead Generation - Chennai,Broad Audience,Instagram,432.63,41282,29437,1275,95,87,3.088513153432489,0.3393176470588235,10.479870161329393,7.450980392156863,4.554,4.972758620689655
2026-07-26,Conversion Campaign - Tamil Nadu,Interest - Technology,Instagram,1686.54,127144,73832,2017,176,140,1.5863902346945198,0.8361626177491324,13.2648021141383,8.72583044124938,9.582613636363636,12.046714285714286
2026-06-30,Retargeting - Website Visitors,Lookalike 1%,Instagram,700.5,77353,49868,2874,171,129,3.715434436931987,0.24373695198329853,9.055886649515855,5.949895615866389,4.0964912280701755,5.430232558139535
2026-06-19,Lead Generation - Chennai,Retargeting,Instagram,872.54,76128,56604,2746,312,288,3.60708280790248,0.3177494537509104,11.461485918453132,11.361981063364894,2.796602564102564,3.0296527777777778
2026-06-09,Conversion Campaign - Tamil Nadu,Interest - Technology,Facebook,1777.94,181881,107576,7891,834,728,4.3385510306189214,0.22531238119376507,9.775292636394127,10.569002661259663,2.131822541966427,2.4422252747252746
2026-06-08,Lead Generation - Chennai,Interest - Technology,Instagram,170.3,15402,10063,604,41,32,3.9215686274509802,0.281953642384106,11.057005583690431,6.788079470198675,4.153658536585366,5.321875
2026-07-06,Lead Generation - Chennai,Interest - Business,Instagram,1439.14,107901,92548,4844,251,236,4.489300377197616,0.29709744013212225,13.337596500495826,5.1816680429397195,5.733625498007968,6.098050847457627
2026-06-03,Lead Generation - Chennai,Lookalike 1%,Instagram,1222.71,90565,50729,3767,180,126,4.159443493623365,0.3245845500398195,13.500910947937944,4.778338200159278,6.792833333333333,9.70404761904762
2026-07-30,Retargeting - Website Visitors,Lookalike 1%,Facebook,1652.55,164481,90777,2170,64,55,1.3193013174773986,0.7615437788018433,10.047057106899885,2.9493087557603688,25.82109375,30.046363636363637
2026-07-29,Retargeting - Website Visitors,Retargeting,Instagram,244.43,25920,21260,1104,100,94,4.2592592592592595,0.22140398550724638,9.43016975308642,9.057971014492754,2.4443,2.6003191489361703
2026-06-15,Website Traffic - South India,Broad Audience,Facebook,356.12,33013,25436,1207,127,89,3.656135461787781,0.29504556752278377,10.787265622633509,10.52195526097763,2.8040944881889764,4.001348314606742
2026-07-19,Conversion Campaign - Tamil Nadu,Broad Audience,Facebook,1321.34,150777,85803,4852,405,269,3.2179974399278404,0.27232893652102225,8.76353820542921,8.347073371805442,3.2625679012345676,4.912044609665427
2026-06-12,Product Awareness - Tamil Nadu,Retargeting,Instagram,435.66,32294,28838,583,39,36,1.8052889081563137,0.7472727272727273,13.490431659131728,6.689536878216123,11.170769230769231,12.101666666666667
2026-06-16,Conversion Campaign - Tamil Nadu,Retargeting,Facebook,1710.94,142966,113646,4442,385,376,3.107032441279745,0.38517334533993697,11.967460794874306,8.667266996848266,4.444,4.550372340425532
2026-07-05,Lead Generation - Chennai,Broad Audience,Instagram,816.66,74591,44525,1188,61,46,1.5926854446246868,0.6874242424242424,10.948505851912428,5.134680134680135,13.387868852459016,17.753478260869564
2026-07-07,Website Traffic - South India,Lookalike 1%,Instagram,829.49,73322,55424,1406,77,51,1.9175690788576414,0.5899644381223329,11.312975641690079,5.476529160739687,10.772597402597402,16.26450980392157
2026-07-07,Product Awareness - Tamil Nadu,Interest - Technology,Instagram,522.23,50009,39792,1533,132,115,3.065448219320522,0.34065883887801696,10.442720310344138,8.610567514677104,3.956287878787879,4.541130434782609
2026-07-07,Product Awareness - Tamil Nadu,Interest - Business,Instagram,861.84,84607,61717,2022,192,184,2.3898731783422176,0.4262314540059347,10.186391196945879,9.495548961424333,4.4887500000000005,4.683913043478261
2026-07-18,Lead Generation - Chennai,Retargeting,Instagram,1008.45,106889,90116,2391,172,118,2.2368999616424516,0.4217691342534505,9.434553602335134,7.193642827268926,5.863081395348837,8.546186440677966
2026-06-04,Lead Generation - Chennai,Retargeting,Facebook,613.01,52127,34396,923,88,57,1.7706754656895658,0.6641495124593716,11.75993247261496,9.534127843987,6.966022727272727,10.754561403508772
2026-07-21,Website Traffic - South India,Retargeting,Instagram,764.23,58778,34789,1870,111,109,3.1814624519378,0.4086791443850267,13.001973527510295,5.935828877005347,6.884954954954955,7.011284403669725
2026-06-05,Retargeting - Website Visitors,Interest - Technology,Facebook,1284.65,130704,101205,3241,84,60,2.479648671808055,0.3963745757482259,9.828696902925696,2.591792656587473,15.293452380952383,21.410833333333336
2026-07-17,Conversion Campaign - Tamil Nadu,Interest - Technology,Facebook,423.75,45609,33959,2036,213,212,4.464031221907957,0.2081286836935167,9.29092942182464,10.461689587426326,1.9894366197183098,1.9988207547169812
2026-07-10,Lead Generation - Chennai,Interest - Technology,Facebook,282.08,29333,20951,771,30,21,2.628438959533631,0.36586251621271076,9.616472914464937,3.8910505836575875,9.402666666666667,13.432380952380951
2026-06-27,Product Awareness - Tamil Nadu,Retargeting,Facebook,534.21,44415,33544,1251,89,60,2.81661600810537,0.4270263788968825,12.027693346842284,7.114308553157474,6.002359550561798,8.903500000000001
2026-06-17,Product Awareness - Tamil Nadu,Retargeting,Instagram,1221.1,122304,69754,4546,271,227,3.716967556253271,0.2686097668279806,9.984137885923598,5.961284645842499,4.50590405904059,5.379295154185022
2026-07-21,Retargeting - Website Visitors,Interest - Business,Instagram,946.24,98965,71915,3970,442,378,4.01151922396807,0.23834760705289673,9.561360076794827,11.133501259445843,2.140814479638009,2.5032804232804233
2026-06-08,Retargeting - Website Visitors,Interest - Business,Instagram,1026.83,76728,66835,1929,163,116,2.514075695964967,0.5323120787973042,13.382728599728912,8.44997407983411,6.299570552147239,8.85198275862069
2026-06-21,Lead Generation - Chennai,Interest - Business,Facebook,190.96,21337,14032,571,46,30,2.6761025448750995,0.334430823117338,8.949711768289825,8.056042031523642,4.151304347826087,6.365333333333334
2026-06-25,Product Awareness - Tamil Nadu,Broad Audience,Instagram,1769.98,173309,141507,4810,533,480,2.7753896220046275,0.36797920997920996,10.212856804897612,11.081081081081082,3.3207879924953096,3.6874583333333333
2026-07-13,Product Awareness - Tamil Nadu,Retargeting,Instagram,1580.22,118729,83588,4294,332,291,3.616639574156272,0.36800652072659523,13.309469464073647,7.731718677224034,4.759698795180723,5.430309278350515
2026-06-26,Retargeting - Website Visitors,Broad Audience,Facebook,1360.69,141170,83763,3308,95,87,2.3432740667280583,0.4113331318016929,9.638662605369413,2.871825876662636,14.323052631578948,15.640114942528736
2026-07-30,Retargeting - Website Visitors,Interest - Technology,Instagram,917.21,104567,86559,2675,88,74,2.558168447024396,0.34288224299065423,8.771505350636433,3.289719626168224,10.42284090909091,12.39472972972973
2026-07-03,Retargeting - Website Visitors,Interest - Business,Instagram,211.0,18308,10769,249,22,19,1.3600611754424297,0.8473895582329317,11.525016386279223,8.835341365461847,9.590909090909092,11.105263157894736
2026-07-26,Conversion Campaign - Tamil Nadu,Lookalike 1%,Instagram,1370.06,145280,91829,1978,166,157,1.3615088105726874,0.692649140546006,9.430479074889867,8.39231547017189,8.253373493975904,8.726496815286623
2026-06-27,Lead Generation - Chennai,Retargeting,Instagram,198.85,17510,13746,727,34,32,4.151913192461451,0.2735213204951857,11.35636778983438,4.676753782668501,5.848529411764706,6.2140625
2026-07-01,Website Traffic - South India,Interest - Business,Instagram,643.26,62116,40138,1559,170,121,2.5098203361452764,0.4126106478511867,10.355785948869856,10.904425914047467,3.7838823529411765,5.316198347107438
2026-07-11,Lead Generation - Chennai,Lookalike 1%,Instagram,1482.26,170376,118033,3710,140,119,2.1775367422641687,0.3995309973045822,8.699934263041742,3.7735849056603774,10.587571428571428,12.455966386554621
2026-06-21,Lead Generation - Chennai,Retargeting,Instagram,1132.1,99236,71839,4188,158,122,4.2202426538756095,0.27031996179560647,11.408158329638436,3.772683858643744,7.165189873417721,9.279508196721311
2026-06-05,Lead Generation - Chennai,Interest - Business,Facebook,897.91,88492,61690,2064,239,218,2.332414229534873,0.43503391472868214,10.146792930434389,11.579457364341085,3.7569456066945603,4.118853211009174
2026-06-13,Website Traffic - South India,Interest - Technology,Facebook,1630.04,131347,114031,2986,224,203,2.273367492215277,0.54589417280643,12.410180666478869,7.501674480910918,7.2769642857142856,8.02975369458128
2026-06-13,Website Traffic - South India,Lookalike 1%,Facebook,548.26,46334,39662,793,41,34,1.7114861656666809,0.691374527112232,11.832779384469287,5.170239596469105,13.372195121951219,16.12529411764706
2026-07-10,Product Awareness - Tamil Nadu,Lookalike 1%,Instagram,873.34,79850,62770,3579,366,353,4.4821540388227925,0.24401788208996927,10.937257357545398,10.226320201173513,2.386174863387978,2.4740509915014166
2026-06-17,Conversion Campaign - Tamil Nadu,Interest - Technology,Instagram,318.13,31616,23062,1376,90,59,4.352226720647773,0.23119912790697675,10.062310222672064,6.540697674418605,3.534777777777778,5.392033898305085
2026-06-12,Retargeting - Website Visitors,Retargeting,Facebook,217.78,17656,12523,250,18,13,1.4159492523787949,0.87112,12.334617127322158,7.199999999999999,12.098888888888888,16.752307692307692
2026-06-03,Lead Generation - Chennai,Retargeting,Facebook,249.87,25341,16616,477,29,23,1.8823250858292884,0.5238364779874214,9.860305433881852,6.079664570230608,8.616206896551724,10.863913043478261
2026-06-07,Lead Generation - Chennai,Broad Audience,Facebook,1573.56,110236,79516,3171,179,143,2.8765557531115062,0.49623462630085147,14.274465691788526,5.644906969410281,8.790837988826816,11.003916083916083
2026-07-04,Conversion Campaign - Tamil Nadu,Interest - Technology,Facebook,682.11,55190,43552,1536,71,54,2.783112882768618,0.44408203125,12.359304221779308,4.622395833333334,9.60718309859155,12.631666666666668
2026-07-21,Product Awareness - Tamil Nadu,Retargeting,Facebook,910.27,92865,52615,1575,60,58,1.6960103375868194,0.5779492063492063,9.80207828568352,3.8095238095238098,15.171166666666666,15.694310344827587
2026-06-06,Lead Generation - Chennai,Retargeting,Facebook,332.54,32557,24392,650,52,49,1.9964984488742819,0.5116,10.214086064440826,8.0,6.3950000000000005,6.786530612244898
2026-06-12,Website Traffic - South India,Broad Audience,Instagram,1171.55,90588,76947,3397,166,161,3.7499448050514417,0.3448778333823962,12.932728396697135,4.886664704150721,7.057530120481927,7.276708074534161
2026-07-04,Website Traffic - South India,Retargeting,Instagram,746.53,79574,66024,1790,146,105,2.249478472868022,0.41705586592178767,9.381581923743935,8.156424581005586,5.113219178082192,7.109809523809523
2026-07-07,Website Traffic - South India,Interest - Technology,Facebook,278.88,19896,11075,466,18,16,2.3421793325291516,0.5984549356223176,14.016887816646562,3.862660944206009,15.493333333333332,17.43
2026-07-21,Conversion Campaign - Tamil Nadu,Interest - Business,Facebook,1618.53,156548,93976,2529,229,162,1.6154789585302909,0.6399881376037959,10.338873700079208,9.054962435745354,7.067816593886462,9.990925925925925
2026-07-15,Conversion Campaign - Tamil Nadu,Interest - Technology,Instagram,156.61,11079,8360,496,18,17,4.476938351836808,0.31574596774193553,14.135752324216988,3.6290322580645165,8.700555555555557,9.212352941176471
2026-06-06,Retargeting - Website Visitors,Interest - Technology,Instagram,600.76,43418,28359,1372,120,113,3.1599797319084253,0.43787172011661807,13.836657607443916,8.746355685131196,5.006333333333333,5.31646017699115
2026-07-03,Lead Generation - Chennai,Broad Audience,Instagram,531.61,58118,44388,1183,91,71,2.035513954368698,0.449374471682164,9.147080078461062,7.6923076923076925,5.841868131868132,7.487464788732394
2026-07-16,Conversion Campaign - Tamil Nadu,Interest - Technology,Instagram,1401.4,160115,116900,4136,108,100,2.5831433657058986,0.33882978723404256,8.752459169971583,2.611218568665377,12.975925925925926,14.014000000000001
2026-07-14,Product Awareness - Tamil Nadu,Interest - Technology,Facebook,305.22,33584,26494,840,32,31,2.501191043353978,0.3633571428571429,9.088256312529778,3.8095238095238098,9.538125,9.845806451612905
2026-06-16,Lead Generation - Chennai,Lookalike 1%,Instagram,1655.76,131710,106253,3622,392,306,2.7499810189051703,0.45713970182219765,12.57125502999013,10.82274986195472,4.223877551020408,5.410980392156863
2026-06-12,Website Traffic - South India,Interest - Technology,Instagram,1356.37,142735,83730,4397,487,464,3.0805338564472624,0.3084762337957698,9.502714821172102,11.075733454628157,2.785154004106776,2.9232112068965517
2026-07-22,Conversion Campaign - Tamil Nadu,Interest - Technology,Facebook,1376.94,97819,66712,4334,404,388,4.430632085791104,0.31770650669127826,14.076406424109836,9.321642824180895,3.4082673267326733,3.548814432989691
2026-06-06,Conversion Campaign - Tamil Nadu,Interest - Business,Facebook,1154.42,110991,84422,2830,322,262,2.549756286545756,0.407922261484099,10.40102350641043,11.37809187279152,3.585155279503106,4.406183206106871
2026-06-05,Lead Generation - Chennai,Interest - Business,Facebook,366.33,28328,18946,979,113,83,3.4559446484044054,0.3741879468845761,12.931728325331827,11.542390194075587,3.2418584070796457,4.413614457831325
2026-06-23,Lead Generation - Chennai,Broad Audience,Instagram,1603.71,132330,81385,2470,184,149,1.8665457568200712,0.6492753036437248,12.119020630242577,7.449392712550608,8.715815217391304,10.763154362416108
2026-06-28,Product Awareness - Tamil Nadu,Broad Audience,Instagram,1732.9,172186,101373,4881,239,180,2.834725238985748,0.3550297070272485,10.064116710998572,4.896537594755173,7.250627615062762,9.627222222222223
2026-06-03,Product Awareness - Tamil Nadu,Lookalike 1%,Instagram,1637.71,187199,165399,8315,264,184,4.44179723182282,0.19695850871918222,8.748497588128142,3.17498496692724,6.203446969696969,8.900597826086956
2026-07-27,Product Awareness - Tamil Nadu,Interest - Business,Facebook,1545.56,151084,91837,4517,221,156,2.989727568769691,0.3421651538631835,10.229805935770829,4.892627850343148,6.9934841628959274,9.907435897435898
2026-07-04,Lead Generation - Chennai,Retargeting,Instagram,1362.96,113563,78551,2754,267,245,2.4250856352861407,0.49490196078431375,12.001796359729841,9.694989106753813,5.104719101123596,5.563102040816327
2026-06-03,Product Awareness - Tamil Nadu,Lookalike 1%,Facebook,1628.6,121359,102702,2515,105,83,2.072363813149416,0.6475546719681908,13.419688692227194,4.174950298210735,15.51047619047619,19.62168674698795
2026-07-27,Lead Generation - Chennai,Interest - Technology,Facebook,1321.9,143175,95750,5850,441,324,4.085908852802515,0.22596581196581197,9.232757115418195,7.538461538461538,2.9975056689342408,4.079938271604939
2026-06-20,Product Awareness - Tamil Nadu,Interest - Business,Instagram,1615.18,169563,122375,4931,371,310,2.9080636695505504,0.327556276617319,9.52554507764076,7.523828837963902,4.3535849056603775,5.210258064516129
2026-06-10,Retargeting - Website Visitors,Interest - Technology,Facebook,357.35,40327,35633,1125,45,37,2.7896942495102537,0.31764444444444445,8.861308800555461,4.0,7.941111111111112,9.65810810810811
2026-07-28,Product Awareness - Tamil Nadu,Broad Audience,Facebook,346.27,38525,29388,871,60,47,2.2608695652173916,0.39755453501722154,8.98818948734588,6.8886337543053955,5.771166666666667,7.367446808510638
2026-06-16,Website Traffic - South India,Interest - Technology,Facebook,1781.2,190274,135868,6939,274,266,3.6468461271639843,0.25669404813373686,9.361236953025637,3.9486957774895517,6.500729927007299,6.696240601503759
2026-07-11,Product Awareness - Tamil Nadu,Interest - Technology,Facebook,1460.85,143195,118532,5266,237,230,3.6775027061000736,0.277411697683251,10.20182268933971,4.500569692366122,6.163924050632911,6.351521739130434
2026-06-04,Website Traffic - South India,Interest - Technology,Instagram,153.81,17642,10086,375,25,17,2.1256093413445187,0.41016,8.718399274458678,6.666666666666667,6.1524,9.047647058823529
2026-06-27,Lead Generation - Chennai,Lookalike 1%,Facebook,1671.06,140974,100286,5069,444,381,3.595698497595301,0.329662655356086,11.853675145771561,8.75912408759124,3.7636486486486485,4.3859842519685035
2026-07-08,Lead Generation - Chennai,Interest - Technology,Instagram,715.48,55789,47203,1917,55,44,3.4361612504257115,0.3732290036515389,12.824750398824142,2.8690662493479393,13.008727272727272,16.26090909090909
2026-06-18,Retargeting - Website Visitors,Lookalike 1%,Instagram,1026.83,102374,90256,2250,134,121,2.1978236661652373,0.4563688888888889,10.030183445015336,5.955555555555556,7.662910447761194,8.486198347107438
2026-07-15,Product Awareness - Tamil Nadu,Interest - Technology,Instagram,1337.64,124269,86585,5211,450,346,4.193322550274002,0.2566954519286126,10.764068271250272,8.635578583765112,2.9725333333333337,3.866011560693642
2026-07-12,Website Traffic - South India,Interest - Technology,Facebook,301.34,30145,23573,1013,27,20,3.360424614363908,0.29747285291214215,9.996350970310166,2.665350444225074,11.16074074074074,15.066999999999998
2026-06-27,Retargeting - Website Visitors,Broad Audience,Instagram,1570.04,127331,75797,4334,221,154,3.4037272934320786,0.36226119058606365,12.330383017489849,5.099215505306876,7.104253393665158,10.195064935064934
2026-06-17,Product Awareness - Tamil Nadu,Interest - Business,Instagram,484.16,45701,40377,1606,133,98,3.51414629876808,0.3014694894146949,10.594078904181528,8.281444582814446,3.6403007518796993,4.940408163265307
2026-07-11,Product Awareness - Tamil Nadu,Lookalike 1%,Facebook,1760.61,154908,86458,5362,337,322,3.4614093526480234,0.32834949645654604,11.365520179719574,6.284968295412159,5.224362017804154,5.467732919254658
2026-07-28,Conversion Campaign - Tamil Nadu,Interest - Business,Instagram,1559.07,131740,95042,3948,335,256,2.9968119022316686,0.3949012158054711,11.834446637315924,8.48530901722391,4.653940298507463,6.0901171875
2026-06-27,Retargeting - Website Visitors,Interest - Business,Instagram,1674.39,180749,146541,8003,781,716,4.427687013482785,0.20922029239035364,9.2636197157384,9.758840434836937,2.143905249679898,2.338533519553073
2026-06-07,Website Traffic - South India,Lookalike 1%,Facebook,1213.95,100781,76098,2066,132,95,2.049989581369504,0.5875847047434657,12.045425228961808,6.389157792836399,9.19659090909091,12.778421052631579
2026-06-28,Conversion Campaign - Tamil Nadu,Retargeting,Instagram,426.7,30013,24884,693,72,50,2.3089994335787822,0.6157287157287157,14.217172558557957,10.38961038961039,5.926388888888889,8.533999999999999
2026-07-12,Conversion Campaign - Tamil Nadu,Lookalike 1%,Facebook,1797.71,141419,98707,2415,202,197,1.7076913286050672,0.7443933747412008,12.71194111116611,8.364389233954451,8.899554455445545,9.12543147208122
2026-06-07,Product Awareness - Tamil Nadu,Retargeting,Facebook,377.7,39878,34283,834,73,50,2.091378705050404,0.4528776978417266,9.47138773258438,8.752997601918464,5.173972602739726,7.553999999999999
2026-07-13,Retargeting - Website Visitors,Interest - Technology,Facebook,1061.11,98189,76434,3401,405,404,3.463728116184094,0.31199941193766534,10.806811353613949,11.908262275801235,2.6200246913580245,2.626509900990099
2026-06-11,Lead Generation - Chennai,Interest - Technology,Facebook,1350.94,153939,109515,3464,226,150,2.2502419789656942,0.3899942263279446,8.775813796373889,6.524249422632794,5.977610619469027,9.006266666666667
2026-06-23,Conversion Campaign - Tamil Nadu,Lookalike 1%,Instagram,1523.0,162893,107923,4194,403,374,2.5746962730135734,0.3631378159275155,9.349695812588632,9.60896518836433,3.7791563275434243,4.072192513368984
2026-06-22,Lead Generation - Chennai,Interest - Technology,Instagram,387.45,42448,25627,643,48,32,1.514794572182435,0.6025660964230171,9.127638522427441,7.4650077760497675,8.071875,12.1078125
2026-07-01,Lead Generation - Chennai,Interest - Business,Facebook,1428.13,102208,85659,3426,140,98,3.351988102692548,0.41685055458260367,13.972780995616782,4.086398131932283,10.200928571428571,14.572755102040817
2026-06-01,Lead Generation - Chennai,Retargeting,Instagram,1039.25,111058,76415,1672,158,116,1.505519638387149,0.621561004784689,9.35772299158998,9.449760765550238,6.5775316455696204,8.95905172413793
2026-06-20,Conversion Campaign - Tamil Nadu,Interest - Business,Instagram,916.72,79347,49427,1526,147,101,1.9231981045282114,0.6007339449541285,11.553303842615348,9.63302752293578,6.236190476190476,9.076435643564357
2026-07-01,Conversion Campaign - Tamil Nadu,Broad Audience,Facebook,439.32,47024,42163,1182,44,38,2.513610071452875,0.3716751269035533,9.34246342293297,3.7225042301184432,9.984545454545454,11.561052631578947
2026-06-11,Website Traffic - South India,Retargeting,Instagram,1759.73,192300,120625,3527,308,231,1.8341133645345815,0.4989311029203289,9.15096203848154,8.732633966543805,5.713409090909091,7.617878787878788
2026-06-24,Product Awareness - Tamil Nadu,Lookalike 1%,Instagram,1059.0,113614,63544,4027,119,102,3.5444575492456916,0.26297491929476036,9.321034379565898,2.9550533896200646,8.899159663865547,10.382352941176471
2026-06-23,Website Traffic - South India,Lookalike 1%,Facebook,1400.55,150135,102824,4582,232,193,3.051919938721817,0.3056634657354867,9.328604256169447,5.063291139240507,6.036853448275862,7.256735751295337
2026-06-16,Lead Generation - Chennai,Interest - Business,Instagram,1266.48,92419,57696,1112,122,106,1.2032157889611443,1.1389208633093526,13.703675651110702,10.971223021582734,10.380983606557377,11.947924528301886
2026-07-17,Lead Generation - Chennai,Retargeting,Instagram,935.55,104874,65579,1464,118,84,1.395960867326506,0.6390368852459016,8.920704845814976,8.060109289617486,7.928389830508475,11.1375
2026-07-24,Product Awareness - Tamil Nadu,Lookalike 1%,Facebook,313.61,24873,15213,645,24,22,2.593173320467977,0.48621705426356593,12.608450930728099,3.7209302325581395,13.067083333333334,14.255
2026-06-11,Product Awareness - Tamil Nadu,Interest - Business,Facebook,739.66,60590,37680,1947,212,206,3.213401551411124,0.37989727786337957,12.207625020630466,10.888546481766822,3.4889622641509432,3.5905825242718445
2026-06-22,Conversion Campaign - Tamil Nadu,Broad Audience,Facebook,340.29,33307,28255,533,51,47,1.6002642087248928,0.6384427767354597,10.216771249286937,9.568480300187618,6.672352941176471,7.240212765957447
2026-07-12,Website Traffic - South India,Broad Audience,Facebook,812.09,68684,51643,2974,302,214,4.329974957777648,0.27306321452589105,11.823568807873741,10.1546738399462,2.689039735099338,3.7948130841121497
2026-07-30,Retargeting - Website Visitors,Retargeting,Instagram,964.56,109660,75570,2693,216,150,2.455772387379172,0.3581730412179725,8.795914645267189,8.020794652803565,4.4655555555555555,6.4304
2026-07-10,Product Awareness - Tamil Nadu,Interest - Business,Facebook,1579.14,152418,105630,3633,239,208,2.3835767429043817,0.4346655656482246,10.360587332204858,6.578585191301954,6.607280334728034,7.592019230769231
2026-06-12,Product Awareness - Tamil Nadu,Retargeting,Instagram,795.96,67510,50549,1814,124,109,2.687009331950822,0.438787210584344,11.79025329580803,6.835722160970231,6.419032258064516,7.3023853211009175
2026-06-22,Website Traffic - South India,Interest - Business,Facebook,774.68,57526,46198,1005,62,44,1.7470361227966487,0.7708258706467661,13.466606404060771,6.169154228855722,12.494838709677419,17.606363636363636
2026-06-20,Conversion Campaign - Tamil Nadu,Interest - Technology,Instagram,574.75,61616,46771,2625,232,155,4.260257076084134,0.21895238095238095,9.3279343027785,8.838095238095239,2.4773706896551726,3.708064516129032
2026-07-10,Retargeting - Website Visitors,Retargeting,Instagram,1105.31,77601,61160,1029,80,52,1.3260138400278347,1.074159378036929,14.243502016726588,7.774538386783285,13.816374999999999,21.255961538461538
2026-06-24,Product Awareness - Tamil Nadu,Lookalike 1%,Instagram,969.09,88147,72750,1073,60,57,1.2172847629527948,0.9031593662628146,10.994021350698265,5.591798695246971,16.151500000000002,17.001578947368422
2026-07-30,Product Awareness - Tamil Nadu,Retargeting,Facebook,414.97,43518,32106,1235,144,142,2.837906153775449,0.33600809716599195,9.535594466657477,11.65991902834008,2.8817361111111115,2.922323943661972
2026-07-04,Conversion Campaign - Tamil Nadu,Retargeting,Facebook,1130.55,123814,72479,3015,307,251,2.4351042693071867,0.3749751243781094,9.131035262571276,10.182421227197347,3.68257328990228,4.50418326693227
2026-06-15,Website Traffic - South India,Lookalike 1%,Instagram,851.22,73757,43622,1901,191,180,2.5773824857301677,0.4477748553392951,11.540870697018589,10.047343503419253,4.456649214659686,4.729
2026-07-29,Lead Generation - Chennai,Interest - Business,Facebook,1592.65,113203,80632,3302,299,211,2.916883828167098,0.4823288915808601,14.068973437099725,9.05511811023622,5.326588628762542,7.548104265402844
2026-07-08,Conversion Campaign - Tamil Nadu,Broad Audience,Instagram,216.16,19622,12264,573,21,15,2.9201916216491695,0.37724258289703316,11.016206299052085,3.664921465968586,10.293333333333333,14.410666666666666
2026-06-23,Website Traffic - South India,Interest - Business,Facebook,1713.08,151136,134669,5848,191,167,3.869362693203472,0.29293433652530776,11.334691933093373,3.266073871409029,8.969005235602094,10.257964071856287
2026-07-30,Retargeting - Website Visitors,Retargeting,Facebook,861.28,61680,55372,1828,212,140,2.963683527885862,0.4711597374179431,13.963683527885863,11.597374179431071,4.062641509433962,6.152
2026-07-09,Product Awareness - Tamil Nadu,Lookalike 1%,Facebook,1639.93,118124,99592,5065,183,122,4.2878669872337545,0.3237769002961501,13.883122820087365,3.613030602171767,8.96136612021858,13.442049180327869
2026-06-01,Retargeting - Website Visitors,Retargeting,Instagram,1660.98,158681,111990,3984,123,121,2.510697563035272,0.4169126506024096,10.467415758660458,3.087349397590361,13.50390243902439,13.72710743801653
2026-06-10,Product Awareness - Tamil Nadu,Interest - Business,Facebook,621.98,70530,60201,1065,98,92,1.5099957464908549,0.5840187793427231,8.818658726782928,9.201877934272302,6.3467346938775515,6.760652173913043
2026-06-08,Retargeting - Website Visitors,Lookalike 1%,Instagram,359.44,38032,28152,1141,125,123,3.000105174589819,0.31502191060473267,9.4509886411443,10.955302366345311,2.87552,2.9222764227642277
2026-07-21,Website Traffic - South India,Lookalike 1%,Instagram,903.07,78915,54216,1888,63,42,2.3924475701704364,0.4783209745762712,11.443578533865551,3.3368644067796613,14.334444444444445,21.50166666666667
2026-07-05,Conversion Campaign - Tamil Nadu,Lookalike 1%,Instagram,1160.16,83047,51658,1428,168,122,1.7195082302792395,0.812436974789916,13.969920647344276,11.76470588235294,6.905714285714287,9.509508196721312
2026-06-27,Product Awareness - Tamil Nadu,Interest - Technology,Instagram,1762.37,142110,85800,1935,60,43,1.3616212792906903,0.9107855297157622,12.401449581310251,3.10077519379845,29.372833333333332,40.9853488372093
2026-06-09,Website Traffic - South India,Interest - Business,Instagram,1182.88,93546,71677,3593,384,377,3.8408911123939022,0.32921792374060677,12.644901973360701,10.687447815196215,3.080416666666667,3.137612732095491
2026-07-25,Lead Generation - Chennai,Interest - Business,Facebook,522.78,46894,32000,2026,199,166,4.320382138439886,0.258035538005923,11.14812129483516,9.822309970384994,2.627035175879397,3.149277108433735
2026-06-26,Lead Generation - Chennai,Lookalike 1%,Instagram,1260.21,112869,90596,2206,90,88,1.9544782003916046,0.5712647325475975,11.165244664168195,4.0797824116047146,14.002333333333334,14.320568181818182
2026-06-20,Conversion Campaign - Tamil Nadu,Broad Audience,Facebook,971.12,90682,63734,2608,311,255,2.8759842085529654,0.37236196319018405,10.709071260007498,11.924846625766872,3.122572347266881,3.808313725490196
2026-07-01,Website Traffic - South India,Retargeting,Facebook,1128.38,90562,51420,2992,353,287,3.3038139617057927,0.37713235294117653,12.459751330580156,11.79812834224599,3.196543909348442,3.931637630662021
2026-06-26,Website Traffic - South India,Retargeting,Instagram,249.55,26701,21991,891,58,50,3.3369536721471103,0.28007856341189674,9.346091906670164,6.509539842873176,4.302586206896552,4.9910000000000005
2026-06-12,Retargeting - Website Visitors,Lookalike 1%,Facebook,1243.17,124607,84710,5445,356,332,4.369738457711043,0.22831404958677687,9.97672682915085,6.5381083562901745,3.492050561797753,3.744487951807229
2026-07-08,Product Awareness - Tamil Nadu,Interest - Technology,Instagram,908.52,72406,43147,2649,116,100,3.6585365853658534,0.3429671574178935,12.547578929922935,4.379010947527369,7.832068965517241,9.0852
2026-06-07,Conversion Campaign - Tamil Nadu,Interest - Business,Facebook,332.7,37602,23282,642,33,27,1.707355991702569,0.5182242990654206,8.847933620552098,5.14018691588785,10.081818181818182,12.322222222222221
2026-07-24,Lead Generation - Chennai,Retargeting,Instagram,1318.46,102685,73670,2444,95,70,2.3800944636509715,0.539468085106383,12.839850026780931,3.887070376432079,13.878526315789474,18.83514285714286
2026-06-15,Product Awareness - Tamil Nadu,Interest - Business,Instagram,1313.3,96063,79134,2677,257,240,2.7867128863350095,0.4905864774000747,13.67123658432487,9.6002988419873,5.110116731517509,5.472083333333333
2026-06-08,Product Awareness - Tamil Nadu,Interest - Technology,Instagram,547.24,47192,33677,840,52,38,1.7799627055433125,0.6514761904761905,11.596033225970503,6.190476190476191,10.523846153846154,14.401052631578947
2026-07-25,Conversion Campaign - Tamil Nadu,Broad Audience,Facebook,365.97,32844,22309,722,34,31,2.1982706125928635,0.5068836565096954,11.142674461088783,4.7091412742382275,10.763823529411766,11.805483870967743
2026-06-19,Lead Generation - Chennai,Retargeting,Instagram,1210.95,132021,100960,5935,650,629,4.495496928518948,0.20403538331929233,9.172404390210648,10.951979780960404,1.863,1.9251987281399048
2026-07-01,Conversion Campaign - Tamil Nadu,Interest - Business,Facebook,176.08,16106,11154,455,35,29,2.825034148764436,0.386989010989011,10.932571712405316,7.6923076923076925,5.030857142857143,6.071724137931035
2026-06-28,Conversion Campaign - Tamil Nadu,Retargeting,Facebook,521.54,55119,49507,2203,237,227,3.9968069086884737,0.23674080798910574,9.462072969393493,10.758057194734453,2.200590717299578,2.297533039647577
2026-06-10,Product Awareness - Tamil Nadu,Broad Audience,Facebook,1150.39,129126,96192,3018,160,113,2.3372519864318573,0.3811762756792578,8.909050075120426,5.301524188204108,7.189937500000001,10.180442477876108
2026-06-25,Product Awareness - Tamil Nadu,Broad Audience,Facebook,1716.33,151259,119262,5978,258,183,3.952161524272936,0.2871077283372365,11.346961172558327,4.315824690531951,6.652441860465116,9.378852459016393
2026-06-14,Retargeting - Website Visitors,Retargeting,Instagram,381.09,38298,24217,1488,76,75,3.885320382265393,0.25610887096774193,9.95065016449945,5.10752688172043,5.014342105263157,5.0812
2026-06-16,Website Traffic - South India,Interest - Business,Facebook,863.65,70289,57647,2642,161,151,3.758767374695898,0.32689250567751704,12.287128853732447,6.093868281604845,5.364285714285714,5.71953642384106
2026-07-21,Product Awareness - Tamil Nadu,Lookalike 1%,Instagram,1790.23,128429,93961,2422,246,167,1.885866899220581,0.7391535920726672,13.939452927298353,10.156895127993394,7.277357723577236,10.71994011976048
2026-06-01,Lead Generation - Chennai,Interest - Business,Instagram,763.05,59897,41539,1105,77,73,1.8448336310666644,0.6905429864253393,12.73936925054677,6.968325791855204,9.909740259740259,10.452739726027396
2026-07-02,Conversion Campaign - Tamil Nadu,Lookalike 1%,Instagram,829.54,73124,46510,3105,292,266,4.246211914009081,0.26716264090177133,11.344291887752311,9.404186795491142,2.840890410958904,3.1185714285714283
2026-07-12,Retargeting - Website Visitors,Broad Audience,Instagram,480.93,37676,24538,1028,103,99,2.72852744452702,0.4678307392996109,12.764890115723537,10.019455252918288,4.669223300970874,4.857878787878788
2026-07-03,Retargeting - Website Visitors,Lookalike 1%,Facebook,570.3,43386,29967,1871,86,81,4.312451021066703,0.3048102618920363,13.144793251279212,4.596472474612507,6.631395348837208,7.04074074074074
2026-06-16,Conversion Campaign - Tamil Nadu,Interest - Business,Facebook,417.2,41205,25704,1559,174,164,3.783521417303725,0.2676074406670943,10.124984831937871,11.16100064143682,2.3977011494252873,2.5439024390243903
2026-06-15,Retargeting - Website Visitors,Broad Audience,Facebook,1581.25,132447,108075,4294,159,146,3.2420515375961703,0.36824639031206335,11.938737759254645,3.7028411737307874,9.94496855345912,10.830479452054794
2026-06-14,Lead Generation - Chennai,Retargeting,Instagram,878.02,96099,77904,2825,290,264,2.9396767916419524,0.31080353982300885,9.136619527778644,10.265486725663717,3.0276551724137932,3.325833333333333
2026-07-08,Product Awareness - Tamil Nadu,Interest - Technology,Facebook,979.74,90858,62536,2837,283,274,3.12245481960862,0.345343672893902,10.78320015848907,9.975326048642932,3.4619787985865726,3.5756934306569343
2026-06-08,Conversion Campaign - Tamil Nadu,Interest - Business,Instagram,1268.65,118668,98296,2162,251,226,1.821889641689419,0.5867946345975948,10.690750665722858,11.609620721554116,5.054382470119522,5.613495575221239
2026-07-19,Retargeting - Website Visitors,Broad Audience,Facebook,1203.07,109872,64036,4895,314,300,4.4551842143585265,0.2457752808988764,10.949741517402067,6.414708886618999,3.831433121019108,4.010233333333333
2026-07-30,Lead Generation - Chennai,Interest - Business,Instagram,781.59,89178,58452,3670,360,276,4.115364776065846,0.2129673024523161,8.764381349660232,9.809264305177113,2.1710833333333333,2.831847826086957
2026-06-15,Conversion Campaign - Tamil Nadu,Interest - Business,Instagram,190.34,15209,11364,539,38,25,3.5439542376224606,0.35313543599257885,12.514958248405549,7.050092764378478,5.008947368421053,7.6136
2026-07-10,Website Traffic - South India,Interest - Business,Instagram,200.97,17653,10023,762,73,54,4.316546762589928,0.263740157480315,11.384467229366113,9.580052493438322,2.753013698630137,3.7216666666666667
2026-07-02,Retargeting - Website Visitors,Interest - Business,Instagram,506.28,47543,30237,1793,84,55,3.7713228025156176,0.28236475181260456,10.648886271375385,4.684885666480758,6.027142857142857,9.20509090909091
2026-07-15,Product Awareness - Tamil Nadu,Retargeting,Instagram,1198.67,124038,88891,3664,248,216,2.953933472000516,0.32714792576419216,9.663732082103872,6.768558951965066,4.833346774193549,5.549398148148149
2026-06-19,Product Awareness - Tamil Nadu,Broad Audience,Instagram,726.78,69798,62142,1162,128,124,1.6648041491160206,0.6254561101549053,10.412619272758532,11.015490533562824,5.67796875,5.861129032258065
2026-07-24,Retargeting - Website Visitors,Interest - Business,Facebook,499.42,36982,21263,590,70,47,1.5953707208912444,0.8464745762711865,13.504407549618733,11.864406779661017,7.134571428571429,10.625957446808512
2026-06-02,Lead Generation - Chennai,Interest - Technology,Instagram,1427.79,140481,108656,5775,430,386,4.11087620389946,0.24723636363636364,10.163580840113609,7.445887445887446,3.3204418604651162,3.698937823834197
2026-07-20,Website Traffic - South India,Interest - Technology,Facebook,921.63,71552,45882,2739,108,79,3.8279852415026836,0.3364841182913472,12.880562388193201,3.943044906900329,8.533611111111112,11.66620253164557
2026-07-18,Retargeting - Website Visitors,Lookalike 1%,Instagram,1563.08,114884,75557,4278,194,172,3.7237561366247696,0.3653763440860215,13.605724034678458,4.534829359513791,8.057113402061855,9.087674418604651
2026-06-20,Conversion Campaign - Tamil Nadu,Retargeting,Facebook,1088.58,90398,69394,2738,227,197,3.028828071417509,0.3975821767713659,12.042080577003915,8.29072315558802,4.795506607929515,5.525786802030456
2026-07-26,Lead Generation - Chennai,Interest - Business,Instagram,1276.27,93592,64874,2503,83,60,2.67437387810924,0.5098961246504194,13.636528763142149,3.3160207750699158,15.376746987951806,21.271166666666666
2026-07-12,Product Awareness - Tamil Nadu,Interest - Technology,Instagram,541.15,58086,47406,1743,121,99,3.000723065798988,0.31047045324153755,9.316358502909479,6.942053930005737,4.472314049586776,5.4661616161616156
2026-06-05,Conversion Campaign - Tamil Nadu,Lookalike 1%,Instagram,1022.28,99253,57085,3606,266,217,3.633139552456853,0.2834941763727121,10.299739050708796,7.376594564614532,3.843157894736842,4.710967741935484
2026-07-26,Website Traffic - South India,Retargeting,Instagram,922.73,104544,64117,2808,128,87,2.6859504132231407,0.32860754985754986,8.826235843281298,4.5584045584045585,7.208828125,10.606091954022988
2026-07-06,Lead Generation - Chennai,Lookalike 1%,Instagram,1360.22,97183,58698,2994,342,242,3.0807857341304548,0.4543152972611891,13.996480865995082,11.422845691382765,3.9772514619883044,5.620743801652893
2026-06-26,Website Traffic - South India,Lookalike 1%,Facebook,1208.58,107021,67502,3967,440,363,3.706749142691621,0.30465843206453236,11.29292381868979,11.091504915553314,2.746772727272727,3.3294214876033057
2026-06-10,Conversion Campaign - Tamil Nadu,Interest - Technology,Instagram,519.51,43072,27652,872,70,69,2.024517087667162,0.5957683486238532,12.061432020802378,8.027522935779817,7.421571428571428,7.5291304347826085
2026-07-21,Lead Generation - Chennai,Retargeting,Instagram,1204.39,130915,81344,5601,421,396,4.278348546766987,0.2150312444206392,9.199786120765383,7.516514908052134,2.860783847980998,3.041388888888889
2026-06-14,Product Awareness - Tamil Nadu,Retargeting,Instagram,1775.33,196661,126688,7541,418,351,3.8345172657517255,0.23542368386155682,9.027361805340153,5.543031428192548,4.247200956937799,5.057920227920228
2026-06-27,Lead Generation - Chennai,Interest - Technology,Instagram,1200.51,106094,70737,3896,219,152,3.6722152053839046,0.30813911704312114,11.315531509793203,5.621149897330596,5.481780821917808,7.898092105263157
2026-06-26,Lead Generation - Chennai,Interest - Technology,Facebook,525.98,54791,30540,1659,91,64,3.027869540617985,0.3170464135021097,9.599751784052126,5.485232067510549,5.78,8.2184375
2026-07-22,Product Awareness - Tamil Nadu,Lookalike 1%,Facebook,257.16,18636,10391,581,61,42,3.1176218072547757,0.44261617900172123,13.799098518995493,10.499139414802066,4.215737704918033,6.122857142857144
2026-07-02,Conversion Campaign - Tamil Nadu,Interest - Business,Facebook,268.47,28491,15779,1181,49,47,4.145168649749043,0.22732430143945812,9.42297567652943,4.149026248941575,5.478979591836735,5.7121276595744686
2026-06-27,Product Awareness - Tamil Nadu,Interest - Technology,Facebook,484.6,48314,36708,1735,200,164,3.591091609057416,0.2793083573487032,10.030218984145382,11.527377521613833,2.423,2.954878048780488
2026-07-04,Product Awareness - Tamil Nadu,Retargeting,Facebook,520.29,37496,29959,885,23,18,2.3602517601877535,0.5878983050847457,13.87588009387668,2.598870056497175,22.621304347826086,28.904999999999998
2026-06-29,Website Traffic - South India,Lookalike 1%,Instagram,1431.47,152413,89310,5408,379,326,3.5482537578815454,0.2646948964497041,9.392046610197292,7.008136094674557,3.7769656992084433,4.39101226993865
2026-07-12,Product Awareness - Tamil Nadu,Broad Audience,Facebook,900.58,79815,66928,1423,160,115,1.7828728935663722,0.6328742094167252,11.283342730063271,11.243851018973999,5.628625,7.831130434782609
2026-06-03,Conversion Campaign - Tamil Nadu,Retargeting,Facebook,1676.19,189135,154534,2344,274,264,1.2393264070637375,0.7150981228668942,8.862399873106511,11.689419795221843,6.117481751824818,6.349204545454546
2026-06-14,Retargeting - Website Visitors,Broad Audience,Facebook,1552.15,151524,105466,4892,388,273,3.2285314537631002,0.3172833197056419,10.243591774240386,7.931316434995912,4.000386597938145,5.685531135531136
2026-07-04,Conversion Campaign - Tamil Nadu,Lookalike 1%,Facebook,1354.14,146523,106733,4042,220,217,2.758611276045399,0.3350173181593271,9.241825515448088,5.442850074220683,6.155181818181819,6.240276497695853
2026-06-08,Conversion Campaign - Tamil Nadu,Broad Audience,Facebook,512.31,46556,37568,2006,91,86,4.308789414898187,0.2553888334995015,11.004167024658475,4.536390827517447,5.629780219780219,5.957093023255814
2026-06-23,Conversion Campaign - Tamil Nadu,Interest - Business,Instagram,548.8,53694,34378,2286,207,206,4.257458933959102,0.2400699912510936,10.220881290274518,9.05511811023622,2.6512077294685987,2.6640776699029125
2026-07-03,Lead Generation - Chennai,Interest - Technology,Instagram,710.56,52017,42332,1440,75,57,2.7683257396620338,0.4934444444444444,13.660149566487878,5.208333333333334,9.474133333333333,12.4659649122807
2026-06-06,Lead Generation - Chennai,Retargeting,Instagram,1540.51,138780,107940,6029,217,208,4.344285920161407,0.2555166694310831,11.100374693759909,3.5992701940620333,7.099124423963134,7.406298076923077
2026-07-12,Website Traffic - South India,Interest - Business,Facebook,1284.43,92648,55489,1988,133,105,2.145755979621794,0.6460915492957747,13.863548052845177,6.690140845070422,9.657368421052633,12.232666666666667
2026-06-09,Website Traffic - South India,Interest - Technology,Facebook,202.87,19809,15410,482,17,11,2.4332374173355547,0.4208921161825726,10.241304457569793,3.5269709543568464,11.933529411764706,18.44272727272727
2026-06-28,Product Awareness - Tamil Nadu,Interest - Business,Facebook,1487.0,129373,98029,3817,103,85,2.9503837740486807,0.3895729630599948,11.493897490202748,2.698454283468693,14.436893203883495,17.49411764705882
2026-06-28,Conversion Campaign - Tamil Nadu,Interest - Business,Facebook,315.47,33195,18515,1430,117,107,4.307877692423558,0.22060839160839163,9.503539689712307,8.181818181818182,2.6963247863247863,2.948317757009346
2026-07-25,Product Awareness - Tamil Nadu,Lookalike 1%,Instagram,1683.12,192120,135584,2573,198,138,1.3392671247137207,0.6541469102215313,8.760774515927544,7.69529731830548,8.50060606060606,12.196521739130434
2026-07-18,Conversion Campaign - Tamil Nadu,Interest - Business,Instagram,176.78,15974,10596,635,44,43,3.9752097157881554,0.27839370078740155,11.066733441842995,6.929133858267717,4.017727272727273,4.111162790697675
2026-06-18,Website Traffic - South India,Broad Audience,Facebook,1709.94,140149,81531,4013,261,254,2.863381115812457,0.42610017443309245,12.200871929161108,6.503862447047097,6.551494252873564,6.732047244094488
2026-06-08,Conversion Campaign - Tamil Nadu,Interest - Technology,Instagram,577.08,53497,37816,2159,111,105,4.035740321887209,0.2672904122278833,10.787146942819225,5.141269106067623,5.1989189189189196,5.496
2026-07-22,Product Awareness - Tamil Nadu,Interest - Business,Instagram,457.7,38246,26280,498,21,18,1.3020969513151701,0.9190763052208835,11.967264550541232,4.216867469879518,21.795238095238094,25.427777777777777
2026-07-02,Website Traffic - South India,Broad Audience,Instagram,584.73,50277,40264,1182,81,62,2.350975595202578,0.4946954314720812,11.630168864490722,6.852791878172589,7.218888888888889,9.431129032258065
2026-06-07,Retargeting - Website Visitors,Broad Audience,Facebook,1635.15,139673,100998,1855,68,49,1.3281020669707102,0.8814824797843667,11.706987034000846,3.665768194070081,24.046323529411765,33.37040816326531
2026-07-05,Conversion Campaign - Tamil Nadu,Lookalike 1%,Facebook,1481.46,166161,132700,5319,493,491,3.2011121743369384,0.27852227862380147,8.915810569267158,9.26865952246663,3.0049898580121703,3.0172301425661914
2026-06-30,Product Awareness - Tamil Nadu,Interest - Technology,Instagram,1029.86,80335,44581,2589,292,216,3.222754714632477,0.3977829277713402,12.819568058753967,11.278485901892623,3.526917808219178,4.76787037037037
2026-06-10,Product Awareness - Tamil Nadu,Broad Audience,Facebook,546.41,44983,29138,588,25,19,1.3071604828490764,0.9292687074829932,12.147033323700063,4.2517006802721085,21.856399999999997,28.758421052631576
2026-06-26,Product Awareness - Tamil Nadu,Retargeting,Facebook,298.06,21202,17275,395,47,45,1.8630317894538249,0.7545822784810127,14.058107725686256,11.89873417721519,6.341702127659574,6.623555555555556
2026-06-21,Lead Generation - Chennai,Interest - Technology,Instagram,669.06,70135,59298,2611,287,230,3.722820275183575,0.2562466487935657,9.53960219576531,10.991957104557642,2.331219512195122,2.90895652173913
2026-06-08,Conversion Campaign - Tamil Nadu,Lookalike 1%,Facebook,1683.25,124973,102419,5600,189,166,4.480967889064038,0.30058035714285714,13.46890928440543,3.375,8.906084656084657,10.140060240963855
2026-07-19,Lead Generation - Chennai,Broad Audience,Instagram,1468.72,142625,83329,5744,294,233,4.027344434706398,0.25569637883008356,10.29777388255916,5.118384401114206,4.995646258503402,6.303519313304721
2026-07-22,Lead Generation - Chennai,Lookalike 1%,Facebook,798.01,71126,45849,2917,320,255,4.101172566993785,0.2735721631813507,11.219666507325028,10.970174837161467,2.49378125,3.1294509803921566
2026-06-27,Conversion Campaign - Tamil Nadu,Interest - Business,Instagram,839.28,68469,41295,1957,114,96,2.858227811126203,0.4288605007664793,12.257810103842614,5.825242718446602,7.362105263157894,8.7425
2026-07-04,Website Traffic - South India,Interest - Technology,Facebook,1750.12,184309,155436,8096,311,259,4.392623257681394,0.21617094861660077,9.495575365283301,3.841403162055336,5.627395498392283,6.757220077220077
2026-07-20,Website Traffic - South India,Broad Audience,Instagram,1113.87,91176,53822,3891,305,275,4.267570413266649,0.2862683114880493,12.216701763622003,7.838601901824724,3.6520327868852456,4.050436363636363
2026-06-16,Lead Generation - Chennai,Interest - Business,Instagram,261.42,24325,19022,499,18,17,2.051387461459404,0.5238877755511022,10.746968139773896,3.6072144288577155,14.523333333333333,15.37764705882353
2026-07-06,Product Awareness - Tamil Nadu,Retargeting,Facebook,683.39,65908,46460,2352,93,63,3.568610790799296,0.29055697278911563,10.368847484372155,3.9540816326530615,7.3482795698924726,10.847460317460317
2026-07-14,Retargeting - Website Visitors,Lookalike 1%,Instagram,945.92,105475,62220,1571,178,174,1.4894524768902584,0.6021133036282622,8.968191514576914,11.330362826225334,5.314157303370786,5.43632183908046
2026-06-28,Product Awareness - Tamil Nadu,Interest - Business,Facebook,896.54,79547,68762,1453,71,63,1.826593083334381,0.6170268410185822,11.27056960036205,4.886441844459739,12.627323943661972,14.23079365079365
2026-07-07,Lead Generation - Chennai,Interest - Technology,Instagram,709.38,70580,62283,1065,102,97,1.5089260413714933,0.6660845070422535,10.050722584301502,9.577464788732394,6.9547058823529415,7.31319587628866
2026-06-03,Website Traffic - South India,Broad Audience,Facebook,757.77,71361,40762,1555,93,68,2.1790613920769046,0.48731189710610934,10.61882540883676,5.980707395498392,8.148064516129033,11.143676470588234
2026-07-10,Product Awareness - Tamil Nadu,Broad Audience,Facebook,1184.47,103601,76340,2424,238,186,2.3397457553498517,0.48864273927392743,11.43299775098696,9.818481848184819,4.976764705882353,6.3681182795698925
2026-06-12,Product Awareness - Tamil Nadu,Interest - Technology,Instagram,1011.27,112191,64010,4284,281,251,3.818488114019841,0.23605742296918766,9.013824638339972,6.559290382819795,3.5988256227758004,4.028964143426295
2026-07-03,Retargeting - Website Visitors,Retargeting,Facebook,1077.32,81548,59341,3000,281,268,3.6788149310835334,0.35910666666666663,13.210869671849707,9.366666666666665,3.8338790035587187,4.019850746268657
2026-06-28,Website Traffic - South India,Lookalike 1%,Instagram,1395.04,150539,84715,6123,476,345,4.067384531583178,0.22783602809080516,9.266967363938912,7.773967009635799,2.9307563025210084,4.043594202898551
2026-06-10,Retargeting - Website Visitors,Lookalike 1%,Facebook,460.37,39249,24394,1382,46,44,3.5211088180590586,0.33311866859623734,11.729470814543046,3.3285094066570187,10.00804347826087,10.462954545454545
2026-07-09,Conversion Campaign - Tamil Nadu,Lookalike 1%,Facebook,632.31,71920,54924,2543,137,103,3.53587319243604,0.24864726700747147,8.791852057842046,5.387337790011797,4.615401459854014,6.138932038834951
2026-07-12,Lead Generation - Chennai,Broad Audience,Facebook,158.01,16247,13237,703,49,40,4.326952668184895,0.22476529160739686,9.725487782359819,6.970128022759601,3.22469387755102,3.9502499999999996
2026-07-14,Retargeting - Website Visitors,Interest - Technology,Facebook,1010.83,90370,78110,2868,342,231,3.173619564014606,0.35245118549511856,11.185459776474493,11.92468619246862,2.9556432748538013,4.375887445887446
2026-06-24,Product Awareness - Tamil Nadu,Broad Audience,Facebook,624.33,48606,35176,1808,203,134,3.7197053861663174,0.3453152654867257,12.844710529564253,11.227876106194689,3.0755172413793104,4.659179104477612
2026-06-11,Retargeting - Website Visitors,Broad Audience,Facebook,282.46,23111,14401,1029,45,38,4.452425252044481,0.2744995140913508,12.221885682142702,4.373177842565598,6.276888888888888,7.4331578947368415
2026-06-26,Website Traffic - South India,Retargeting,Facebook,1514.16,115433,91355,3017,324,252,2.613637348072042,0.5018760357971496,13.11721951261771,10.739144845873385,4.673333333333334,6.008571428571429
2026-07-05,Website Traffic - South India,Interest - Technology,Facebook,431.03,31513,20509,1135,106,71,3.601688192174658,0.3797621145374449,13.677847237647953,9.33920704845815,4.066320754716981,6.070845070422535
2026-07-30,Retargeting - Website Visitors,Lookalike 1%,Facebook,189.2,13723,8674,551,42,33,4.0151570356336075,0.34337568058076223,13.787072797493257,7.6225045372050815,4.504761904761905,5.733333333333333
2026-07-21,Product Awareness - Tamil Nadu,Lookalike 1%,Instagram,976.09,111771,93971,1894,56,45,1.6945361498063003,0.5153590285110876,8.73294503941094,2.956705385427666,17.430178571428574,21.69088888888889
2026-06-06,Retargeting - Website Visitors,Broad Audience,Instagram,584.47,51921,38032,1251,86,65,2.4094297105217546,0.46720223820943246,11.256909535640686,6.874500399680255,6.796162790697675,8.991846153846154
2026-07-10,Conversion Campaign - Tamil Nadu,Interest - Business,Facebook,752.33,57739,43924,2354,88,78,4.076967041341208,0.31959643160577744,13.029841181870141,3.7383177570093453,8.549204545454545,9.64525641025641
2026-07-29,Retargeting - Website Visitors,Broad Audience,Facebook,164.22,11844,10606,440,12,10,3.7149611617696725,0.37322727272727274,13.865248226950355,2.727272727272727,13.685,16.422
2026-06-15,Lead Generation - Chennai,Broad Audience,Instagram,1397.52,120416,91313,1488,177,131,1.2357161838958277,0.9391935483870968,11.605766675524848,11.895161290322582,7.895593220338983,10.668091603053435
2026-06-24,Lead Generation - Chennai,Interest - Technology,Instagram,1134.13,119823,103334,4415,448,329,3.684601453811038,0.256881087202718,9.465044273636948,10.14722536806342,2.531540178571429,3.447203647416414
2026-06-08,Website Traffic - South India,Interest - Technology,Facebook,694.15,77701,69239,2680,173,144,3.4491190589567706,0.25901119402985073,8.933604458115083,6.455223880597015,4.0124277456647395,4.820486111111111
2026-07-26,Website Traffic - South India,Interest - Business,Facebook,1020.6,74536,44225,3185,139,127,4.273102930127724,0.32043956043956046,13.692712246431254,4.364207221350078,7.3424460431654675,8.036220472440945
2026-06-07,Retargeting - Website Visitors,Broad Audience,Instagram,1347.41,98479,75934,3430,332,312,3.482976065963302,0.3928309037900875,13.682206358716073,9.67930029154519,4.058463855421687,4.318621794871795
2026-07-24,Conversion Campaign - Tamil Nadu,Retargeting,Facebook,1300.5,147039,115061,4615,307,280,3.138623086392046,0.2817984832069339,8.844592251035438,6.652221018418201,4.236156351791531,4.644642857142857
2026-07-06,Product Awareness - Tamil Nadu,Retargeting,Facebook,483.97,45626,34221,1272,37,29,2.7878841011703854,0.3804795597484277,10.607329154429491,2.908805031446541,13.08027027027027,16.688620689655174
2026-07-22,Website Traffic - South India,Lookalike 1%,Instagram,1338.36,132323,101712,5038,383,330,3.807350196111031,0.26565303691941244,10.114341422126161,7.6022231044065105,3.4944125326370754,4.0556363636363635
2026-07-06,Conversion Campaign - Tamil Nadu,Broad Audience,Facebook,1020.21,111493,64849,3836,311,226,3.4405747446028,0.2659567257559958,9.150439937933323,8.10740354535975,3.2804180064308683,4.514203539823009
2026-06-01,Conversion Campaign - Tamil Nadu,Retargeting,Instagram,1125.75,95955,81795,2564,240,199,2.6720858735865773,0.4390600624024961,11.732061904017508,9.360374414976599,4.690625,5.657035175879397
2026-07-20,Product Awareness - Tamil Nadu,Interest - Business,Facebook,385.96,30369,26738,738,53,38,2.4301096512891434,0.522981029810298,12.709012479831406,7.181571815718158,7.282264150943396,10.156842105263157
2026-07-27,Lead Generation - Chennai,Interest - Business,Instagram,782.52,81978,48267,3155,261,257,3.848593525092098,0.24802535657686212,9.545487813803703,8.272583201267828,2.9981609195402297,3.0448249027237355
2026-06-21,Lead Generation - Chennai,Interest - Technology,Facebook,1673.45,183686,136531,5369,242,226,2.922922813932472,0.3116874650772956,9.11038402491208,4.507357049729931,6.915082644628099,7.404646017699116
2026-07-11,Website Traffic - South India,Broad Audience,Instagram,1718.32,184395,104858,3899,445,435,2.114482496813905,0.4407078738137984,9.318690853873479,11.413182867401899,3.861393258426966,3.9501609195402296
2026-06-03,Lead Generation - Chennai,Interest - Technology,Instagram,913.29,81181,47398,1294,60,56,1.5939690321626983,0.7057882534775889,11.250046193074732,4.636785162287481,15.221499999999999,16.30875
2026-06-22,Lead Generation - Chennai,Broad Audience,Instagram,504.97,39056,26512,1194,100,96,3.057148709545268,0.42292294807370184,12.929383449405982,8.375209380234507,5.0497000000000005,5.260104166666667
2026-06-14,Website Traffic - South India,Broad Audience,Instagram,1639.11,175891,134917,5774,494,440,3.2827148631823113,0.2838777277450641,9.318896361951436,8.555594042258399,3.3180364372469633,3.72525
2026-07-02,Lead Generation - Chennai,Broad Audience,Instagram,1439.42,125197,91194,1553,113,90,1.2404450585876658,0.9268641339343208,11.497240349209646,7.276239536381198,12.738230088495575,15.993555555555556
2026-07-28,Website Traffic - South India,Interest - Business,Facebook,1020.45,88664,54131,3901,215,161,4.399756383650636,0.26158677262240454,11.509180727239917,5.511407331453474,4.746279069767442,6.338198757763975
2026-07-04,Website Traffic - South India,Interest - Business,Instagram,1717.5,142269,79494,4959,247,200,3.485650422790629,0.34633998790078646,12.072201252556777,4.980842911877394,6.9534412955465585,8.5875
2026-06-30,Retargeting - Website Visitors,Broad Audience,Instagram,1269.21,131493,100116,3819,239,158,2.904337113002213,0.33234092694422623,9.652300882936736,6.258182770358732,5.31050209205021,8.032974683544303
2026-07-14,Lead Generation - Chennai,Interest - Technology,Instagram,176.08,16743,14053,615,47,40,3.673176850026877,0.2863089430894309,10.516633817117603,7.642276422764227,3.7463829787234046,4.402
2026-07-10,Product Awareness - Tamil Nadu,Lookalike 1%,Instagram,351.78,39286,33105,505,16,11,1.2854451967622054,0.6965940594059405,8.954334877564525,3.1683168316831685,21.98625,31.979999999999997
2026-06-22,Lead Generation - Chennai,Lookalike 1%,Facebook,423.89,38276,31335,967,106,93,2.526387292298046,0.43835573940020683,11.074563695265962,10.961737331954497,3.9989622641509435,4.5579569892473115
2026-06-27,Retargeting - Website Visitors,Broad Audience,Facebook,1656.98,122605,107877,3117,359,285,2.542310672484809,0.5315944818735964,13.514783247012765,11.517484760988129,4.615543175487465,5.813964912280702
2026-07-21,Conversion Campaign - Tamil Nadu,Interest - Technology,Instagram,202.11,15458,9760,498,43,33,3.221632811489197,0.4058433734939759,13.074783283736577,8.634538152610443,4.700232558139535,6.124545454545455
2026-06-28,Product Awareness - Tamil Nadu,Retargeting,Instagram,963.18,100922,72965,2114,92,87,2.0946869859891795,0.45561967833491007,9.543806107687125,4.351939451277199,10.469347826086956,11.07103448275862
2026-07-04,Retargeting - Website Visitors,Retargeting,Instagram,1733.33,139143,104346,5948,387,327,4.274738937639695,0.2914139206455951,12.457184335539697,6.506388702084734,4.478888888888889,5.300703363914373
2026-07-25,Product Awareness - Tamil Nadu,Interest - Business,Facebook,548.17,40405,34777,1146,97,80,2.836282638287341,0.4783333333333333,13.566885286474445,8.464223385689355,5.651237113402061,6.852124999999999
2026-06-12,Website Traffic - South India,Interest - Business,Facebook,1507.84,119009,97110,4242,337,320,3.564436303136737,0.3554549740688354,12.669966137014846,7.944365865157945,4.474302670623145,4.712
2026-06-28,Product Awareness - Tamil Nadu,Interest - Business,Instagram,1353.53,143398,121346,4865,580,462,3.392655406630497,0.2782178828365879,9.438974044268399,11.921891058581705,2.3336724137931033,2.9297186147186145
2026-06-15,Retargeting - Website Visitors,Interest - Business,Instagram,1679.47,147372,86519,4518,209,197,3.06571126129794,0.3717286409915892,11.39612680834894,4.625940681717574,8.035741626794259,8.52522842639594
2026-07-15,Conversion Campaign - Tamil Nadu,Interest - Business,Facebook,555.87,51208,44208,1976,62,52,3.8587720668645527,0.2813107287449393,10.855139821902828,3.137651821862348,8.965645161290322,10.689807692307692
2026-06-24,Website Traffic - South India,Interest - Business,Facebook,807.76,73695,53454,2299,160,149,3.1196146278580636,0.3513527620704654,10.960852160933577,6.959547629404089,5.0485,5.4212080536912755
2026-07-07,Conversion Campaign - Tamil Nadu,Lookalike 1%,Facebook,1470.95,159471,120231,2721,141,128,1.706266343096864,0.5405916942300625,9.223934132224668,5.181918412348401,10.432269503546099,11.491796875
2026-06-22,Product Awareness - Tamil Nadu,Lookalike 1%,Facebook,993.39,111944,95880,2751,326,311,2.457478739369685,0.36110141766630316,8.873990566711928,11.850236277717194,3.047208588957055,3.1941800643086817
2026-07-11,Lead Generation - Chennai,Broad Audience,Instagram,203.05,17807,14086,725,54,42,4.0714325826922,0.2800689655172414,11.402819116077948,7.448275862068964,3.7601851851851853,4.83452380952381
2026-07-14,Retargeting - Website Visitors,Interest - Technology,Instagram,1622.6,130372,101035,2297,269,198,1.7618813855735895,0.7063996517196343,12.445923971404902,11.710927296473661,6.031970260223048,8.194949494949494
2026-07-13,Product Awareness - Tamil Nadu,Interest - Business,Facebook,1569.93,125889,112897,3601,94,79,2.8604564338425122,0.4359705637322966,12.470748039939947,2.610386003887809,16.701382978723405,19.87253164556962
2026-07-02,Website Traffic - South India,Retargeting,Facebook,827.06,64144,52896,2337,88,69,3.6433649289099526,0.3538981600342319,12.893801446744824,3.7655113393239197,9.398409090909091,11.986376811594202
2026-07-19,Website Traffic - South India,Retargeting,Facebook,642.95,61065,39400,1406,96,68,2.3024645869155815,0.4572901849217639,10.528944567264391,6.827880512091039,6.697395833333334,9.45514705882353
2026-06-04,Website Traffic - South India,Interest - Business,Instagram,303.63,32791,26812,582,34,31,1.7748772529047603,0.521701030927835,9.259552926107773,5.841924398625429,8.930294117647058,9.794516129032258
2026-07-13,Lead Generation - Chennai,Interest - Business,Facebook,970.09,69344,55711,1347,140,94,1.9424896169820027,0.7201855976243504,13.989530456852792,10.393466963622867,6.929214285714286,10.320106382978723
2026-07-05,Retargeting - Website Visitors,Interest - Technology,Instagram,1302.41,130679,101730,3832,430,294,2.93237628081023,0.3398773486430063,9.966482755454205,11.221294363256785,3.028860465116279,4.429965986394558
2026-07-18,Website Traffic - South India,Interest - Business,Facebook,1708.93,153866,129923,5275,628,443,3.4283077483004694,0.32396777251184833,11.106612247020136,11.90521327014218,2.7212261146496814,3.857629796839729
2026-06-18,Conversion Campaign - Tamil Nadu,Interest - Business,Facebook,1394.25,119853,87482,4003,198,138,3.3399247411412314,0.34830127404446665,11.633000425521264,4.946290282288284,7.041666666666667,10.103260869565217
2026-07-24,Website Traffic - South India,Broad Audience,Facebook,1202.35,103177,81732,1975,178,149,1.9141863012105413,0.6087848101265823,11.65327543929364,9.012658227848101,6.754775280898876,8.069463087248321
2026-07-05,Retargeting - Website Visitors,Interest - Technology,Instagram,273.98,28300,23950,1262,101,87,4.459363957597173,0.21709984152139464,9.681272084805656,8.003169572107765,2.712673267326733,3.149195402298851
2026-06-24,Retargeting - Website Visitors,Interest - Business,Instagram,1421.15,163318,93329,4613,376,260,2.824550876204705,0.30807500541946675,8.70173526494324,8.150877953609365,3.7796542553191492,5.4659615384615385
2026-06-17,Product Awareness - Tamil Nadu,Lookalike 1%,Instagram,453.28,35110,30041,473,42,27,1.347194531472515,0.9583086680761099,12.910281970948448,8.879492600422834,10.792380952380952,16.788148148148146
2026-06-20,Website Traffic - South India,Broad Audience,Instagram,616.18,59678,52108,1572,82,72,2.6341365327256274,0.391972010178117,10.325077918160796,5.216284987277354,7.514390243902438,8.558055555555555
2026-07-07,Lead Generation - Chennai,Retargeting,Instagram,1369.47,124532,103907,2398,227,165,1.9256094819002347,0.5710884070058382,10.996932515337424,9.466221851542953,6.032907488986784,8.299818181818182
2026-07-28,Retargeting - Website Visitors,Interest - Technology,Instagram,1513.58,152528,118581,5067,256,199,3.3220130074478127,0.2987132425498322,9.923292772474563,5.052299190842708,5.912421875,7.605929648241205
2026-07-07,Lead Generation - Chennai,Broad Audience,Facebook,873.09,70756,53472,1338,63,42,1.8910057097631296,0.6525336322869956,12.33944824467183,4.708520179372197,13.858571428571429,20.787857142857142
2026-07-18,Lead Generation - Chennai,Lookalike 1%,Facebook,777.39,69505,46032,2703,262,256,3.888928854039278,0.2876026637069922,11.184662973886772,9.692933777284498,2.9671374045801526,3.0366796875
2026-06-28,Conversion Campaign - Tamil Nadu,Retargeting,Instagram,905.53,80274,53077,2354,82,65,2.9324563370456187,0.38467714528462194,11.280489324065076,3.4834324553950724,11.043048780487805,13.931230769230769
2026-06-26,Retargeting - Website Visitors,Broad Audience,Facebook,1068.94,119595,91790,1578,108,70,1.3194531543960868,0.6774017743979721,8.937999080229106,6.844106463878327,9.897592592592593,15.27057142857143
2026-06-26,Product Awareness - Tamil Nadu,Retargeting,Facebook,603.04,53102,29224,1564,63,43,2.9452751308801925,0.38557544757033246,11.356257768068998,4.028132992327365,9.572063492063492,14.024186046511627
2026-06-08,Product Awareness - Tamil Nadu,Interest - Technology,Facebook,1054.86,84369,74200,1079,38,26,1.2789057592243598,0.9776274328081556,12.50293354194076,3.5217794253938832,27.759473684210523,40.57153846153846
2026-06-12,Lead Generation - Chennai,Retargeting,Instagram,1156.98,132360,117942,1974,87,75,1.4913871260199456,0.5861094224924013,8.741160471441523,4.407294832826747,13.298620689655172,15.426400000000001
2026-07-29,Website Traffic - South India,Interest - Technology,Facebook,1686.55,129384,88329,5809,503,497,4.489735979719285,0.2903339645377862,13.035228467198417,8.658977448786366,3.3529821073558645,3.393460764587525
2026-07-06,Lead Generation - Chennai,Interest - Technology,Instagram,1312.25,100667,79097,2979,203,142,2.9592617242989263,0.44050016784155754,13.035552862407739,6.814367237327962,6.464285714285714,9.241197183098592
2026-07-26,Retargeting - Website Visitors,Interest - Business,Instagram,206.88,21080,11649,948,38,33,4.497153700189753,0.21822784810126583,9.814041745730549,4.008438818565401,5.444210526315789,6.269090909090909
2026-07-07,Lead Generation - Chennai,Broad Audience,Instagram,1120.44,96843,73407,3390,151,127,3.50051113658189,0.3305132743362832,11.569653976023048,4.454277286135693,7.420132450331126,8.82236220472441
2026-07-06,Conversion Campaign - Tamil Nadu,Retargeting,Instagram,928.46,78428,49850,1163,30,29,1.4828887642168613,0.7983319002579536,11.838374050084154,2.5795356835769563,30.948666666666668,32.01586206896552
2026-07-21,Product Awareness - Tamil Nadu,Broad Audience,Facebook,617.94,54886,45523,1246,144,137,2.270159967933535,0.49593900481540937,11.25860875268739,11.556982343499197,4.291250000000001,4.51051094890511
2026-07-19,Retargeting - Website Visitors,Broad Audience,Instagram,394.11,43786,29237,1273,50,32,2.9073219750605217,0.30959151610369207,9.000822180605674,3.927729772191673,7.8822,12.3159375
2026-06-20,Product Awareness - Tamil Nadu,Lookalike 1%,Instagram,1750.16,130446,83485,4114,315,240,3.1537954402588046,0.42541565386485175,13.416739493736873,7.656781720952843,5.556063492063492,7.292333333333334
2026-07-25,Retargeting - Website Visitors,Interest - Business,Instagram,452.47,41224,24522,1380,156,129,3.347564525519115,0.3278768115942029,10.975887832330683,11.304347826086957,2.900448717948718,3.5075193798449615
2026-06-25,Retargeting - Website Visitors,Broad Audience,Instagram,1331.62,145651,94290,4697,161,138,3.224831961332226,0.283504364487971,9.142539357779897,3.427719821162444,8.270931677018632,9.649420289855072
2026-07-10,Lead Generation - Chennai,Broad Audience,Facebook,250.17,23691,18091,409,40,37,1.726393989278629,0.6116625916870415,10.55970621755097,9.7799511002445,6.25425,6.761351351351351
2026-06-09,Product Awareness - Tamil Nadu,Retargeting,Instagram,930.26,92542,82615,1752,60,56,1.8931944414428044,0.5309703196347032,10.052300577035291,3.4246575342465753,15.504333333333333,16.611785714285713
2026-07-03,Conversion Campaign - Tamil Nadu,Interest - Technology,Facebook,1380.36,101872,77065,3825,135,91,3.7547117951939692,0.360878431372549,13.549945029056069,3.5294117647058822,10.224888888888888,15.168791208791207
2026-07-16,Conversion Campaign - Tamil Nadu,Interest - Business,Instagram,1407.42,142738,113923,3025,348,237,2.1192674690692037,0.4652628099173554,9.860163376255798,11.50413223140496,4.044310344827586,5.938481012658229
2026-06-18,Website Traffic - South India,Interest - Business,Facebook,798.86,82606,61934,2284,125,87,2.764932329370748,0.34976357267950964,9.670726097377914,5.472854640980736,6.39088,9.182298850574712
2026-06-24,Product Awareness - Tamil Nadu,Retargeting,Instagram,773.68,81658,52168,1153,54,53,1.411986578167479,0.6710147441457068,9.47463812486223,4.683434518647007,14.327407407407406,14.597735849056603
2026-07-22,Lead Generation - Chennai,Lookalike 1%,Instagram,158.23,12388,8459,408,46,42,3.293509848240232,0.3878186274509804,12.772844688408137,11.27450980392157,3.4397826086956518,3.767380952380952
2026-06-27,Website Traffic - South India,Interest - Business,Instagram,910.62,90072,57379,3811,416,284,4.2310595967670315,0.238945158750984,10.109912070343725,10.91577013907111,2.1889903846153844,3.206408450704225
2026-07-15,Retargeting - Website Visitors,Lookalike 1%,Instagram,1164.1,107445,64798,3478,158,117,3.2370049792917306,0.33470385278895914,10.834380380659871,4.5428407130534785,7.3677215189873415,9.949572649572648
2026-06-14,Website Traffic - South India,Retargeting,Facebook,1606.64,139498,96727,3727,157,142,2.671722892084474,0.4310812986316072,11.517297739035685,4.212503353903944,10.233375796178345,11.3143661971831
2026-06-27,Lead Generation - Chennai,Interest - Technology,Facebook,1740.62,185740,158655,6663,740,568,3.587272531495639,0.26123668017409574,9.37127167007645,11.106108359597778,2.352189189189189,3.0644718309859154
2026-06-01,Conversion Campaign - Tamil Nadu,Broad Audience,Facebook,516.22,38781,31929,1309,127,96,3.3753642247492324,0.39436210847975556,13.31115752559243,9.702062643239113,4.064724409448819,5.377291666666667
2026-07-07,Retargeting - Website Visitors,Interest - Business,Instagram,1052.24,117176,102015,4788,506,499,4.0861609885983485,0.21976608187134503,8.979995903598006,10.568086883876356,2.0795256916996046,2.108697394789579
2026-06-08,Website Traffic - South India,Retargeting,Facebook,793.96,64783,57243,1140,49,48,1.7597209144374297,0.6964561403508772,12.255684361638085,4.298245614035088,16.20326530612245,16.540833333333335
2026-06-03,Conversion Campaign - Tamil Nadu,Lookalike 1%,Instagram,1265.43,107455,66121,3581,408,308,3.3325578148992605,0.3533733593968165,11.77637150435066,11.393465512426697,3.101544117647059,4.1085389610389615
2026-07-11,Product Awareness - Tamil Nadu,Interest - Business,Instagram,894.64,88086,69206,1520,77,57,1.725586358785732,0.5885789473684211,10.156438026474127,5.065789473684211,11.618701298701298,15.695438596491227
2026-07-13,Conversion Campaign - Tamil Nadu,Broad Audience,Facebook,696.56,62995,38902,1151,88,61,1.8271291372331138,0.605178105994787,11.057385506786252,7.6455256298870555,7.915454545454545,11.419016393442622
2026-07-08,Conversion Campaign - Tamil Nadu,Lookalike 1%,Facebook,1636.82,121819,97757,1634,158,149,1.3413342746205437,1.0017258261933903,13.43649184445776,9.66952264381885,10.359620253164557,10.985369127516778
2026-07-27,Website Traffic - South India,Broad Audience,Instagram,771.29,64518,57976,1142,35,32,1.770048668588611,0.675385288966725,11.954648315198858,3.064798598949212,22.03685714285714,24.1028125
2026-06-25,Conversion Campaign - Tamil Nadu,Broad Audience,Instagram,1566.42,122604,93115,1474,86,59,1.2022446249714527,1.0627001356852104,12.776255260839777,5.834464043419267,18.214186046511628,26.54949152542373
2026-07-15,Product Awareness - Tamil Nadu,Broad Audience,Facebook,265.89,19293,12718,814,96,94,4.219146840823097,0.32664619164619163,13.781682475509252,11.793611793611793,2.7696875,2.8286170212765955
2026-07-27,Lead Generation - Chennai,Broad Audience,Instagram,1289.57,95851,55289,1746,143,142,1.8215772396740775,0.7385853379152348,13.453902411033791,8.190148911798396,9.017972027972027,9.081478873239437
2026-07-13,Conversion Campaign - Tamil Nadu,Lookalike 1%,Instagram,1774.57,178362,152223,2376,141,91,1.3321223130487436,0.7468728956228956,9.949260492705845,5.934343434343434,12.585602836879433,19.50076923076923
2026-06-03,Website Traffic - South India,Lookalike 1%,Facebook,961.0,74784,43239,1039,97,92,1.3893346170303809,0.9249278152069298,12.850342319212666,9.33589990375361,9.907216494845361,10.445652173913043
2026-07-27,Lead Generation - Chennai,Broad Audience,Facebook,471.8,33596,26707,1016,87,68,3.0241695439933327,0.4643700787401575,14.0433384926777,8.562992125984252,5.422988505747127,6.938235294117647
2026-06-16,Website Traffic - South India,Interest - Technology,Facebook,1687.46,175947,153221,7469,647,630,4.245028332395551,0.22592850448520552,9.590729026354527,8.662471549069489,2.608129829984544,2.6785079365079367
2026-06-06,Retargeting - Website Visitors,Interest - Technology,Facebook,253.24,18974,12771,287,26,24,1.5125961842521345,0.8823693379790941,13.346684937282598,9.059233449477352,9.74,10.551666666666668
2026-07-29,Website Traffic - South India,Lookalike 1%,Instagram,735.42,51909,34556,1103,56,52,2.1248723728062573,0.6667452402538531,14.167485407154828,5.077062556663645,13.132499999999999,14.142692307692307
2026-06-09,Lead Generation - Chennai,Lookalike 1%,Instagram,379.36,40345,24941,1385,119,97,3.432891312430289,0.27390613718411555,9.402899987606892,8.592057761732852,3.1878991596638655,3.9109278350515466
2026-06-11,Website Traffic - South India,Interest - Business,Instagram,314.89,24369,21540,399,20,15,1.6373261110427182,0.7891979949874687,12.921744839755426,5.012531328320802,15.744499999999999,20.992666666666665
2026-06-07,Conversion Campaign - Tamil Nadu,Interest - Business,Instagram,1078.89,120147,70909,2630,204,157,2.1889851598458554,0.4102243346007605,8.979749806487055,7.756653992395438,5.288676470588236,6.871910828025478
2026-06-17,Retargeting - Website Visitors,Lookalike 1%,Instagram,1752.74,166309,119932,3482,99,92,2.0936930653181727,0.5033716255025847,10.539056815926978,2.8431935669155655,17.704444444444444,19.051521739130436
2026-07-23,Lead Generation - Chennai,Broad Audience,Facebook,1082.77,77887,61814,1138,36,29,1.4610910678290343,0.9514674868189806,13.901806463209523,3.163444639718805,30.076944444444443,37.33689655172414
2026-07-21,Product Awareness - Tamil Nadu,Broad Audience,Facebook,1409.63,159033,140885,2644,215,188,1.6625480246238202,0.5331429652042361,8.863757836423888,8.131618759455371,6.556418604651164,7.498031914893618
2026-06-14,Conversion Campaign - Tamil Nadu,Lookalike 1%,Instagram,1502.69,137880,91461,4081,142,125,2.9598201334493766,0.3682161234991424,10.898534957934435,3.4795393285959326,10.582323943661972,12.02152
2026-06-29,Lead Generation - Chennai,Broad Audience,Facebook,464.7,45885,31998,1502,50,40,3.2734008935381933,0.30938748335552596,10.127492644655115,3.3288948069241013,9.294,11.6175
2026-06-17,Website Traffic - South India,Interest - Business,Instagram,1105.39,101829,90444,2858,276,227,2.8066660774435577,0.38677046885934224,10.855355547044557,9.657102869139258,4.005036231884058,4.86955947136564
2026-07-22,Website Traffic - South India,Broad Audience,Instagram,676.64,55157,44210,2480,73,49,4.496256141559548,0.27283870967741936,12.267527240422794,2.943548387096774,9.26904109589041,13.808979591836735
2026-06-02,Product Awareness - Tamil Nadu,Broad Audience,Instagram,268.08,30025,22252,1288,107,80,4.2897585345545375,0.2081366459627329,8.928559533721897,8.30745341614907,2.5054205607476634,3.351
2026-06-30,Lead Generation - Chennai,Broad Audience,Facebook,291.17,24459,17168,303,27,25,1.238807800809518,0.960957095709571,11.904411464082752,8.91089108910891,10.784074074074075,11.6468
2026-07-15,Website Traffic - South India,Lookalike 1%,Instagram,820.73,88798,55770,2549,292,217,2.8705601477510756,0.32198116908591606,9.242663123043311,11.45547273440565,2.810719178082192,3.7821658986175115
2026-07-12,Lead Generation - Chennai,Broad Audience,Facebook,729.73,68310,44559,2810,209,160,4.113599765773679,0.25969039145907474,10.682623334797247,7.437722419928826,3.491531100478469,4.5608125
2026-06-15,Conversion Campaign - Tamil Nadu,Retargeting,Facebook,320.79,29716,24617,1015,82,75,3.4156683268272987,0.31604926108374387,10.795194508009155,8.078817733990148,3.9120731707317074,4.277200000000001
2026-06-20,Product Awareness - Tamil Nadu,Retargeting,Facebook,213.89,18138,12237,514,40,32,2.833829529165288,0.41612840466926065,11.792369610761936,7.782101167315175,5.34725,6.6840625
2026-06-02,Website Traffic - South India,Lookalike 1%,Instagram,674.81,57750,43817,1808,99,75,3.1307359307359306,0.3732356194690265,11.685021645021644,5.475663716814159,6.816262626262626,8.997466666666666
2026-07-06,Conversion Campaign - Tamil Nadu,Interest - Business,Facebook,877.72,96699,82127,1276,51,42,1.3195586303891458,0.6878683385579938,9.076826027156434,3.9968652037617556,17.210196078431373,20.898095238095237
2026-07-09,Conversion Campaign - Tamil Nadu,Interest - Technology,Facebook,1660.4,150219,97696,6533,700,680,4.348983816960571,0.2541558242767488,11.053195667658551,10.714832389407624,2.3720000000000003,2.441764705882353
2026-07-10,Website Traffic - South India,Interest - Technology,Instagram,1055.81,118782,76493,3147,120,107,2.6493913219174625,0.33549729901493486,8.888636325369164,3.813155386081983,8.798416666666666,9.867383177570092
2026-06-13,Product Awareness - Tamil Nadu,Retargeting,Facebook,1371.73,153238,90189,2217,201,176,1.44676907816599,0.6187325214253496,8.951630796538717,9.066305818673884,6.82452736318408,7.793920454545455
2026-07-22,Lead Generation - Chennai,Interest - Technology,Instagram,1646.88,180349,131756,6999,342,282,3.8808088761235164,0.23530218602657524,9.131628121032,4.88641234462066,4.815438596491228,5.840000000000001
2026-07-21,Conversion Campaign - Tamil Nadu,Broad Audience,Instagram,371.06,34509,22597,476,22,19,1.3793503144107333,0.7795378151260505,10.75255730389174,4.621848739495799,16.866363636363637,19.529473684210526
2026-06-04,Conversion Campaign - Tamil Nadu,Lookalike 1%,Instagram,1570.27,134104,92654,4525,179,149,3.37424685318857,0.3470209944751381,11.70934498598103,3.955801104972376,8.772458100558659,10.538724832214765
2026-06-04,Conversion Campaign - Tamil Nadu,Broad Audience,Instagram,1675.08,179187,133522,5476,649,478,3.0560252696903234,0.30589481373265154,9.348222806341978,11.851716581446311,2.5810169491525423,3.504351464435146
2026-07-15,Lead Generation - Chennai,Broad Audience,Facebook,681.86,47947,30801,1518,65,43,3.165995787014829,0.44918313570487484,14.221119152397439,4.281949934123848,10.490153846153847,15.857209302325582
2026-07-04,Retargeting - Website Visitors,Interest - Business,Instagram,705.51,70944,47166,2622,270,240,3.695872801082544,0.2690732265446224,9.944604194857915,10.297482837528605,2.613,2.939625
2026-07-19,Website Traffic - South India,Lookalike 1%,Facebook,1784.93,187779,162580,8063,217,201,4.293877377129498,0.22137293811236514,9.50548250869373,2.691305965521518,8.225483870967743,8.880248756218906
2026-06-01,Product Awareness - Tamil Nadu,Interest - Technology,Instagram,161.08,13364,11059,491,41,30,3.6740496857228377,0.3280651731160896,12.053277461837775,8.350305498981669,3.9287804878048784,5.3693333333333335
2026-06-29,Product Awareness - Tamil Nadu,Lookalike 1%,Facebook,887.76,84208,62603,2148,141,132,2.550826524795744,0.41329608938547485,10.54246627398822,6.564245810055866,6.296170212765958,6.725454545454546
2026-07-29,Website Traffic - South India,Retargeting,Instagram,1081.09,97186,81967,3428,269,240,3.527257012326878,0.3153704784130688,11.123927314633793,7.847141190198366,4.018921933085502,4.504541666666666
2026-06-12,Conversion Campaign - Tamil Nadu,Interest - Business,Instagram,494.26,45682,25164,1435,152,131,3.141281029727245,0.34443205574912894,10.819578827546954,10.59233449477352,3.2517105263157893,3.772977099236641
2026-07-11,Product Awareness - Tamil Nadu,Broad Audience,Instagram,1333.14,138811,117846,3461,222,188,2.493318252876213,0.3851892516613696,9.60399391979022,6.414331118173938,6.005135135135135,7.091170212765958
2026-06-24,Lead Generation - Chennai,Lookalike 1%,Instagram,1085.73,100261,79053,3882,199,196,3.871894355731541,0.27968315301391034,10.829036215477602,5.126223596084492,5.455929648241206,5.539438775510204
2026-07-09,Conversion Campaign - Tamil Nadu,Lookalike 1%,Instagram,1752.58,195151,148958,7206,298,250,3.69252527529964,0.24321121287815708,8.980635507888763,4.1354426866500145,5.881140939597315,7.01032
2026-07-19,Conversion Campaign - Tamil Nadu,Interest - Technology,Instagram,330.93,28838,20224,827,29,20,2.8677439489562384,0.4001571946795647,11.475483736736251,3.506650544135429,11.411379310344827,16.5465
2026-07-02,Product Awareness - Tamil Nadu,Retargeting,Instagram,230.39,16298,9901,450,41,38,2.7610749785249724,0.5119777777777778,14.136090317830408,9.11111111111111,5.619268292682927,6.062894736842105
2026-07-07,Product Awareness - Tamil Nadu,Lookalike 1%,Facebook,650.91,71597,61577,2144,99,75,2.9945388773272623,0.30359608208955224,9.091302708214032,4.617537313432836,6.574848484848484,8.678799999999999
2026-07-06,Conversion Campaign - Tamil Nadu,Interest - Technology,Instagram,1796.12,134978,115040,5414,419,322,4.011024018728978,0.33175471001108237,13.306761101809183,7.739194680458071,4.2866825775656325,5.578012422360248
2026-06-09,Website Traffic - South India,Interest - Business,Instagram,972.16,108554,79245,3533,326,269,3.254601396539971,0.275165581658647,8.95554286345966,9.227285592980468,2.982085889570552,3.613977695167286
2026-06-18,Lead Generation - Chennai,Retargeting,Facebook,1756.03,187102,134529,7559,790,598,4.040042329852167,0.23230982934250563,9.385415441844556,10.451117872734489,2.2228227848101265,2.936505016722408
